<?xml version="1.0"?>
<!-- 
/**
 * Apptha
 *
 * NOTICE OF LICENSE
 *
 * This source file is subject to the EULA
 * that is bundled with this package in the file LICENSE.txt.
 * It is also available through the world-wide-web at this URL:
 * http://www.apptha.com/LICENSE.txt
 *
 * ==============================================================
 *                 MAGENTO EDITION USAGE NOTICE
 * ==============================================================
 * This package designed for Magento COMMUNITY edition
 * Apptha does not guarantee correct work of this extension
 * on any other Magento edition except Magento COMMUNITY edition.
 * Apptha does not provide extension support in case of
 * incorrect edition usage.
 * ==============================================================
 *
 * @category    Apptha
 * @package     Apptha_Marketplace
 * @version     1.2
 * @author      Apptha Team <developers@contus.in>
 * @copyright   Copyright (c) 2017 Apptha. (http://www.apptha.com)
 * @license     http://www.apptha.com/LICENSE.txt
 *
 */
! -->
<config xmlns:xsi="http://www.w3.org/2001/XMLSchema-instance" xsi:noNamespaceSchemaLocation="../../../Backend/etc/system_file.xsd">
  <system>
    <tab id="apptha" translate="label" sortOrder="1">
      <label>Marketplace</label>
    </tab>
    <section id="vacationstatus" translate="label" sortOrder="1" showInDefault="1" showInWebsite="1" showInStore="1">
      <label>Vacation Mode Settings</label>
      <tab>apptha</tab>
      <resource>Apptha_Vacationmode::system_config</resource>
      
      <group id="seller" translate="label" type="text" sortOrder="2" showInDefault="1" showInWebsite="1" showInStore="1">
        <label>Vacation Mode</label>

        <field id="vacation_mode" translate="label" type="select" sortOrder="5" showInDefault="1" showInWebsite="1" showInStore="1">
          <label>Vacation Mode</label>
          <comment>Enable vacation mode in frontend.</comment>
          <source_model>Magento\Config\Model\Config\Source\Yesno</source_model>
        </field>
        <field id="vacation_mode_template" translate="label comment" type="select" sortOrder="6" showInDefault="1" showInWebsite="1" showInStore="1">
          <label>Select Vacation Mode Template For Seller</label>
          <comment>Email template chosen based on theme fallback when "Default" option is selected.</comment>
          <source_model>Magento\Config\Model\Config\Source\Email\Template</source_model>
        </field>
</group>
</section>


  </system>
</config>