<?xml version="1.0"?>
<!--  
/**
 * Apptha
 *
 * NOTICE OF LICENSE
 *
 * This source file is subject to the EULA
 * that is bundled with this package in the file LICENSE.txt.
 * It is also available through the world-wide-web at this URL:
 * http://www.apptha.com/LICENSE.txt
 *
 * ==============================================================
 *                 MAGENTO EDITION USAGE NOTICE
 * ==============================================================
 * This package designed for Magento COMMUNITY edition
 * Apptha does not guarantee correct work of this extension
 * on any other Magento edition except Magento COMMUNITY edition.
 * Apptha does not provide extension support in case of
 * incorrect edition usage.
 * ==============================================================
 *
 * @category    Apptha
 * @package     Apptha_Marketplace
 * @version     1.2
 * @author      Apptha Team <developers@contus.in>
 * @copyright   Copyright (c) 2017 Apptha. (http://www.apptha.com)
 * @license     http://www.apptha.com/LICENSE.txt
 *
 */
-->
<config xmlns:xsi="http://www.w3.org/2001/XMLSchema-instance" xsi:noNamespaceSchemaLocation="../../../../../lib/internal/Magento/Framework/Module/etc/module.xsd">
    <module name="Apptha_Vacationmode" setup_version="1.0.0"></module>
        <sequence>
            <module name="Magento_Backend"/>
             <module name="Magento_Sales"/>
            <module name="Magento_Quote"/>
            <module name="Magento_Checkout"/>>
        </sequence>
</config>