<?xml version="1.0"?>
<!--
/**
 * Magetop
 *
 * NOTICE OF LICENSE
 *
 * This source file is subject to the Magetop.com license that is
 * available through the world-wide-web at this URL:
 * https://www.magetop.com/LICENSE.txt
 *
 * DISCLAIMER
 *
 * Do not edit or add to this file if you wish to upgrade this extension to newer
 * version in the future.
 *
 * @category    Magetop
 * @package     Magetop_Smtp
 * @copyright   Copyright (c) Magetop (https://www.magetop.com/)
 * @license     https://www.magetop.com/LICENSE.txt
 */
-->
<config xmlns:xsi="http://www.w3.org/2001/XMLSchema-instance" xsi:noNamespaceSchemaLocation="urn:magento:framework:Acl/etc/acl.xsd">
    <acl>
        <resources>
            <resource id="Magento_Backend::admin">
                <resource id="Magetop_Smtp::main_menu" title="SMTP" sortOrder="100">
                    <resource id="Magetop_Smtp::smtp" title="SMTP Configurations" translate="title" sortOrder="10"/>
                    <resource id="Magetop_Smtp::log" title="SMTP Email Logs" translate="title" sortOrder="20"/>
                </resource>
            </resource>
        </resources>
    </acl>
</config>
